Question N°,Categorie,Questions,Réponse A,Réponse B,Réponse C,Réponse D,Réponse E,Réponse correcte,Photo / schéma technique,
1,1 - Mécanique générale,Quel est l'ordre d'allumage d'un moteur 6 cylindres?,2-3-5-6-1-3,1-5-3-6-2-4,1-2-3-4-5-6,4-3-6-2-1-5,6-5-4-3-2-1,B,,
2,1 - Mécanique générale,Combien de systèmes de régulation électronique de la conduite/freinage existe-t-il?,1,3,4,2,5,E,,"Système anti-blocage (ABS) qui empêche le blocage des roues lors du freinage, système d'assistance au freinage (BAS) qui détecte les situations d'urgence et assure une distance de freinage courte, système électronique de freinage (SBC) qui raccourcit la distance de freinage et augmente la stabilité du véhicule lors du freinage en virage, système antipatinage (ASR) et blocage électronique de différentiel (ESD) qui empêche le patinage des roues lors du démarrage ou en accélération, système électronique de la trajectoire (ESP) qui empêche le dérapage du véhicule"
3,1 - Mécanique générale,"Combien de type de système de refroidissement moteur peut-on trouver sur un véhicule VL, VU, VI…?",2,1,3,5,4,C,"Refroidissement par air, par liquide de refroidissement et par refroidissement interne de la chambre de combustion via l'évaporation du carburant",
4,1 - Mécanique générale,"Dans un moteur, combien de type de chemise peut-on trouver?",5,4,2,1,0,C,Chemise sèche et chemise humide,
5,1 - Mécanique générale,"Qu'appelle t-on la ""récession"" dans un moteur thermique?",Grippage des coussinets de bielles sur le vilebrequin,Enfoncement des soupapes dans leur siège,Usure des cames d'arbre à cames,Jeu latéral du vilebrequin,Détérioration de la segmentation,B,,
6,1 - Mécanique générale,Qu'appelle t-on la compression moteur?,Pression sortie échappement,Pression injection,Pression dans la chambre de combustion,Pression collecteur admission,Pression dans vanne EGR,C,,
7,1 - Mécanique générale,Quelles sont les fonctions du cylindre et de la culasse?,Transférer le couple moteur au vilebrequin,Permettre la lubrification du piston,Aténuer le bruit de l'explosion du mélange air/carburant,Guider les pistons et former avec ceux-ci la chambre de combustion,Augmenter la pression d'injection de carburant,D,,
8,1 - Mécanique générale,Combien de types de suspensions moteur existe-t-il?,1,3,2,,,C,"Support moteur issus de la combinaison de caoutchouc et de métal, supports moteur amorti hydrauliquement",
9,1 - Mécanique générale,De quelle manière doivent-être serrées les vis de culasse?,Dans un ordre précis et au couple de serrage préconisé,Dans n'importe quel ordre?,En partant des vis extérieures pour finir par les vis centrales,En partant du centre de la culasse vers l'extérieur,A la déboulonneuse et sans lubrifiant,A,,
10,1 - Mécanique générale,Y'a-t-il un réglage de soupape à faire quand le moteur est équipé de poussoirs hydrauliques?,Oui,Non,Jeu à régler à froid,Jeu à régler à chaud,,B,,
11,1 - Mécanique générale,Qu'est-ce qui permet d'emmagasiner de l'énergie durant les temps moteur pour la restituer par la suite?,Vilebrequin,Embrayage,Volant moteur,Ensemble bielles/pistons,Boite de vitesse,C,,
12,1 - Mécanique générale,Qu'est ce qui ne fait pas parti des fonctions de l'huile?,Lubrifier,Refroidir,Etanchéifier,Amortir les bruits,Limiter la production de gaz polluants,E,,
13,1 - Mécanique générale,Combien de type de distribution existe-t-il?,1,2,3,4,5,C,"Distribution par courroie crantée, par chaine et par cascade de pignons",
14,1 - Mécanique générale,Quels moyens de régulation de pression de suralimentation existe?,Régulation à commande pneumatique,Régulation électronique,Régulation par géométrie variable,Les 3,,D,,
15,1 - Mécanique générale,Le turbocompresseur est-il une pièce d'usure?,Oui,Non,,,,B,"Un turbocompresseur fonctionne sur filet d'huile, il n'y a aucune contact en ""théorie"". En cas de casse de turbo, c'est q'uil y a un dysfonctionnement dans le moteur et/ou son environnement. Le turbo sert de fusible.",
16,1 - Mécanique générale,Quels sont les modes de calage de l'allumage?,Dynamique,Statique,Les deux,,,C,,
17,1 - Mécanique générale,Qu'est-ce que le visco-coupleur?,Système d'embrayage du ventilateur de refroidissement moteur,Système de freinage de la boite de vitesse,l'intarder,,,A,,
18,1 - Mécanique générale,Quels sont les 4 temps moteur dans l'ordre?,Admission/combustion/détente/échappement,Admission/compression/combustion détente/échappement,Compression/combustion détente/Admission/Echappement,,,B,,
19,1 - Mécanique générale,Quel est le rôle du thermostat?,Permet de gérer la montée en température du moteur plus rapidement,Permet d'indiquer au calculateur la température du circuit de refroidissement,Permet de gérer la température du moteur pour optimiser son rendement,,,,A et C,
20,1 - Mécanique générale,Que signifie moteur à soupapes en tête?,Que le mouvement de fermeture des soupapes est réalisé dans le sens contraire que le mouvement du piston allant du PMB au PMH,Que le mouvement de fermeture des soupapes est réalisé dans le même sens que le mouvement du piston allant du PMB au PMH,,,,B,,
21,2 - Electricité,À quel calculateur la pédale d'accélérateur est-elle connectée?,A l'ECU: FFR,A l'ECU :  BBR,A l'ECU : EBV,A l'ECU EBS,A l'ECU EMS,A,,
22,2 - Electricité,A quelle époque les réseaux CAN ont fait leur apparition sur les véhicules industriels ?,Dans les années 70 ?,Dans les années 80 ?,Dans les années 2000 ?,Dans les années 90 ?,Dans les années 60 ?,C,,
23,2 - Electricité,A quelle époque les réseaux CAN ont fait leur apparition sur les véhicules industriels ?,Dans les années 70 ?,Dans les années 80 ?,Dans les années 2000 ?,dans les années 90,Dans les années 70,C,,
24,2 - Electricité,A quoi servent les systèmes de circuits électriques appelés: `` CAN BUS '' sur les véhicules utilisés?,Augmentez le nombre de fils électriques,Pour réduire le nombre de fils électriques,Accroître le partage de données entre les systèmes électroniques,Diminuer les parasites dans les faisceaux electriques ,a eviter les court-circuits,C,,
25,2 - Electricité,Ces batteries 12 V connectées en parallèle selon les schémas permettent de délivrer quelle tension?,12V ,24V ,48V ,,,B,,
26,2 - Electricité,Ces Batteries de 12 V branchées selon le schémas permettent de délivrer quelle tension ?,12V ,24V ,48V ,96V,,B,,
27,2 - Electricité,Comment contrôler un capteur actif?,En résistance uniquement,En tension uniquement,Tension et ampérage,avec une lampe témoin,avec une jauge de profondeur,B,,
28,2 - Electricité,Dans les circuits Bus Can que signifie l'appellation CAN ?,Controleur Asymétrique Network,Controleur Area Network,Capacité Asychrone Neutre,Controleur Asymétrique  Numérique ,Circuit Asymétrique Neutre,B,,
29,2 - Electricité,Dans quel calculateur les protocoles des différents bus CAN sont-ils échangés et transmis?,Dans l'ensemble des calculateurs ,"Par la ""Gateway"" de l'ECU",Dans le calculateur MR,,,B,,
30,2 - Electricité,Dans quelle ECU sont échangés et transmis les protocoles des différents bus CAN ?, Dans le calculateur combiné ,  Dans l’UCE « Gateway »,Dans le calculateur  « MR » ,Dans le calculateur  « FR » ,Dans le calculateur  « EMS » ,B,,
31,2 - Electricité,"Dans un schémas electrique, a quoi fait référence le symbole de la lettre ''A'' ?",Un Appareil,Une Ampoule,Un Ampèremetre,un signal ''ATTENTION'',une Avarie,C,,
32,2 - Electricité,Lequel des capteurs énumérés ci-dessous n'est en aucun cas un capteur inductif?,Capteur de position de pédale d'accélérateur,Capteur de position d'arbre à cames,Capteur de vitesse turbo,Capteur Boost,Capteur variable de distribution ,A,,
33,2 - Electricité,Lequel des capteurs listés ci-dessous n'est en aucun cas un capteur actif ? ,Capteur de mouvement aiguille , Capteur de niveau,Capteur de vitesse de roue ,Capteur de position d'arbre à cames,Je ne sais pas,A,,
34,2 - Electricité,Lequel des capteurs listés ci-dessous n'est en aucun cas un capteur inductif ?,Capteur de position pédale accélérateur, Capteur de position d'arbre à cames,Capteur vitesse turbo,Capteur de pression de  suralimentation,Capteur de distribution variable,A,,
35,2 - Electricité,Les systèmes de cicuit electrique dit :''BUS CAN'' sur les véhicules servent a quoi ?,Augmenter le nombre de fil electrique,A diminuer le nombre de fil electrique, Augmenter le partage des données entre les systèmes électroniques,A communiquer avec les systèmes multimédia,a echanger des données avec le web,C,,
36,2 - Electricité,On utilise ce symbole ( R ) pour dire qu'il s'agit d'une ?,Une Tension,Une Inténsité,Une Résistance,d'un retour de courant,,C,,
37,2 - Electricité,Que faut-il prendre en compte pour tester les capteurs à effet Hall ?,"Pour tous les tests, la tension d'alimentation doit être déconnectée", Il n‘y a rien de particulier ,Attention aux hautes tensions  dans le circuit secondaire,il faut utiliser un Voltmétre,il faut utiliser un Ampèremétre,B,,
38,2 - Electricité,Que signifie le symbole   ( U ) ?,Une Tension,Une Inténsité,Une Résistance,Une Unité,,A,,
39,2 - Electricité,Que signifie le symbole d'un rectangle barré d'une flèche ?  ,Une Résistance,Une resistance variable,Un Calorstat,Une sonde variable,Un Piezzo electrique ,B,,
40,2 - Electricité,Quel est le rôle des résistances de terminaison?,A surveiller la température des faisceaux électriques et du calculateur,  A contrôler si le faisceau électrique n’est pas endommagé,Eliminer les perturbations des données transmises,à augmenter la température des ECU connectés,a surveiller la tension,C,,
41,2 - Electricité,Quel est le rôle des résistances de terminaison?,Pour surveiller la température des faisceaux électriques et de l'ECU,Vérifiez si le faisceau de câbles n'est pas endommagé,Élimine les perturbations dans les données transmises,Permettent d'envoyer des fréquences dans le circuit,permettent d'envoyer un courant sinusoidale dans les circuits,C,,
42,2 - Electricité,Quel est le type de signal d'activation d'un ventilateur commandé par l'ECU ? , une commande PWM ,Une commande en masse libre,Une commande par un + contrôlé,Une implusion de tension négative,une impulsion de tension positive ,A,,
43,2 - Electricité,Quel est le type de signal d'activation d'une valve de chauffage de réservoir AD Blue ? ,RCO,EPR,PWM,On / Off,Bus Can,C,,
44,2 - Electricité,Quel type de signal fournie un débitmètre d’air de type HFM 6 ?,Analogique,Fréquentiel,Proportionnel ,Je ne sais pas ,Numerique,B,,
45,2 - Electricité,Quelle affirmation concernant les thermistances CTN ou CTP n'est pas correcte ? ,Les thermistances CTP et CTN ont la même plage de mesure,"Avec une CTP, la résistance augmente avec l‘élévation de la température","Avec une CTN, la résistance diminue avec l'augmentation de la température",,,A,,
46,2 - Electricité,Quelle est la plage de tension d'un Capteur de température d'air de type CTN ?, 0.5 V - 1.5 V,1.5 V - 2.5 V,0.5 V - 4.7 V,0.5 V - 5.5 V ,0.5 V - 4 V,C,,
47,2 - Electricité,Quelle est le débit maximal d'un Bus Can a haute vitesse ?,1 Mbit/s,2 Mbit/s,3 Mbit/s,4 Mbit/s,5 Mbit/s,A,,
48,2 - Electricité,Quelle est le débit maximal d'un Bus Can faible vitesse ?,50 kbit/s,75 kbit/s,100 kbit/s,125 kbit/s,150 kbit/s,D,,
49,2 - Electricité,Quelle valeur de résistance de terminaison doit être trouvée aux bornes d'un calculateur déconnecté?,60 Ohms ,	80 Ohms ,120 Ohms,150 Ohms,100 Ohms,C,,
50,2 - Electricité,Quelle valeur de résistance de terminaison faut-il trouver aux bornes d’un ECU qui est débranché ? ,60 Ohms ,	80 Ohms ,120 Ohms,150 Ohms,100 Ohms,C,,
51,2 - Electricité,Selon ce schémas ces batteries sont branchées comment ? ,Batteries couplées en Serie,Batteries couplées en Parallèle,Batterie couplées en Serie-Parallèle,En parallèle divisée,en serie additionnée,C,,
52,2 - Electricité,Sur ce schémas que mesure l'appareil indiqué avec le symbole ''V'' ?,Il mesure de l'intensité aux borne de L1 ,Il mesure la Tension aux bornes de L1 ,il mesure la résistance au borne de L1,il mesure la puissance au borne de L1,il mesure la Thermistance aux borne de L1,B,,
53,2 - Electricité,"Sur un Kerax 6X4 en éteignant le contact le tableau de bord reste éclairé et le contact allumé, en mettant les essuie glace le contact se coupe,  vous en déduisé ?",que le chauffeur ne sait pas se servir de la clé de contact ,c'est un problème de la clé de contact,ce n'est pas la bonne clé du camion,le circuit d'essuie glace est en court- circuit,il y à un retour de courant qui ré-alimente le tabeau de bord,E,,
54,2 - Electricité,"Sur un ventilateur à embrayage à commande électronique, le pilotage de la bobine se fait avec :", Une commande PWM,  Une commande par masse franche,Une commande par un + piloté,Une tension négative variable,une tension positive d'impulsion,A,,
55,2 - Electricité,"un Semi remorque arrive à l'atelier, le chauffeur vous montre les clés du camion en vous disant ''comment on arrête le moteur'', et en effet le moteur tourne encore et le chauffeur a les clés dans la main ! Mlorsque vous couper le copuie circuit, le moteur s'arrête",vous pensez que les electrovalves de Gas-oil sont bloquées en pleine ouverture,que le chauffeur vous montre les clés d'un autre camion,la prise ISO 7638 est déffectueuse et en court-circuit sur du positif,le Faisceau electrique du camion est défectueux,qu'il y à un problème sur le circuit d'alimentation de Gas-oil,C,,
56,3 - Diagnostic,A quel endroit on peut trouver l'adresse MAC du Bluetooh du KTS ?,Dans la notice du KTS,Dans la notice du DDM ,Dans le menu enregistrement licence,Dans le menu ''Aide'' du KTS,sur la face arrière de l'interface KTS,E,,
57,3 - Diagnostic,A quelle UCE est connectée la pédale d’accélérateur ? ,A l’UCE :  FFR, A l’ECU :  BBR,A l’ECU : EBV,A L'UCE EBS,A l'UCE EMS,A,,
58,3 - Diagnostic,Avec le KTS pouvez-vous controler un véhicule qui n'est pas d'un Pays Europeen ? ,Je ne sais pas,Oui bien sûr,Non pas sûr,je ne pense pas ,c'est mon collègue qui fait les diagnostic,B,,
59,3 - Diagnostic,Dans le DDM pouvez vous sélectionner les mises a jours ''Principales'' ou ''intermédiaires'' ? ,Non ,c'est paramétré automatiquement a l'installation,cette fonction existe pas,Oui,je ne sais pas,D,,
60,3 - Diagnostic,"dans le menu ''Sélection de mesure'' du KTS, est-il possible de de sélectionner les capteurs que je souhaite voir dans les Menus de contrôle ?",je ne pense pas ,cette fonction existe dans la Selection de mesure,cette fonction existe dans le menu configuration,je n'ai pas vu cette fonction,cette fonction n'existe pas dans le KTS,B,,
61,3 - Diagnostic,D'après vous comment se fait la mise a jour de Néo de Knorr-bremse ? ,la mise a jour se fait avec celle du KTS,la mise a jour se fait avec le DDM,je dois connecter le PC sur internet et allez sur le site web Knorr-Bremse,la mise a jour se fait automatiquement ,il n'y a pas de mise a jour a faire ,A,,
62,3 - Diagnostic,Dois-je supprimer la mémoire des (code défaut) dès le début du diagnostic ?,"Oui, immédiatement","Non, ne supprimez jamais la mémoire d'erreur",après avoir traité l'intégralité de la liste de défaut,Après avoir traité l'intégralité de la liste des défauts et enregistré le Fichier,ça ne sert a rien de les conserver,D,,
63,3 - Diagnostic,Est ce que le KTS me permet de connaitre l'affectatio des fusible d'un véhicule ?,Non cette fonction n'existe pas ,je ne sais pas,Oui dans les véhicules moteurs,Peut être,,C,,
64,3 - Diagnostic,Est-ce que je dois remettre a jour la licence du Testman tous les ans ?,Elle se fait avec celle du KTS,je crois,il n'y à pas de licence sur le Testman,Oui via le DDM,Oui,A,,
65,3 - Diagnostic,"Est-ce que le KTS me permet de connaitre la définition les abréviations des constructeurs ? exemple : WD EDC, VR, UPS, UIS etc…",je n'ai pas entendu parlé de cette fonction,Ces abréviations sont propores a chaque constructeur,je ne sais pas,Oui dans la partie schémas éléctrique,Oui dans le panneau de réglage,E,,
66,3 - Diagnostic,Est-ce que le KTS vous propose un mode ''sans véhicule'' pour voir un véhicule en particulier sans être connecté a ce véhicule ?,Non il faut qu'il soit connecté au véhicule,Cette fonction n'existe pas sur le KTS,oui en mode de connexion bluetooth,le KTS as un mode sans véhicule,je ne sais pas,D,,
67,3 - Diagnostic,Est-ce que sur les premières prises OBD je peux voir tous les système du camion ?,Oui absolument,Non,Uniquement le circuit des voyants défaut,Pas sûr,Seulement certains systèmes,B,,
68,3 - Diagnostic,indiquer dans quel système du véhicule la fonction Display dans le menu du KTS n'est pas présente !,Boite de vitesse,Dépollution,EBS,Suspension,Injection,A,,
69,3 - Diagnostic,Le KTS me permet-il de vérifier le signal d'un capteur d'arbre a came moteur en marche ?,Non je ne crois pas,Je ne sais pas,on ne peut pas contrôler ces capteurs,Non cette fonction n'existe pas,oui dans la selection de mesure,E,,
70,3 - Diagnostic,"Le KTS permet-il de contrôler les engins de TP, les balayeuses de rue, les moteurs stationnaire ?",Non,je ne sais pas,avec un boitier d'interface spécial c'est possible,avec une licence spéciale OWH c'est possible,avec des câbles spéciaux c'est possible,D,,
71,3 - Diagnostic,Le KTS vous permet -il de voir le tableau de maintenance des usures du véhicule ?,Oui sur certaines marques,Non,l'accés est réservé au constructeur,peut être mais pas sûr,cette fonction n'existe pas dans le KTS,A,,
72,3 - Diagnostic,Le Pin code 1 de votre KTS est a entrer a chaque fois que vous avez  besoin de régler un paramétre sur un véhicule ?,Non pas besoin ,pas besoin de Pin code ,tout les paramétres sont réglables sans Pin Code,j'utilise mon Code Pin Knorr Bremse,Non il est illimité,E,,
73,3 - Diagnostic,Le Pin Code 2 de votre KTS  a une durée de validité illimité ?,Oui une fois que je l'ai obtenu,Non elle est limitée a 3 ans,il est donné gratuitement,Oui puisse que j'ai fait une formation ,elle est limité a 5 ans,B,,
74,3 - Diagnostic,les prises de diagnostique de type OBD sont apparues sur les camions a partir de quelle année ?,2000,2005,2008,2010,2012,B,,
75,3 - Diagnostic,Ou je peux trouver l'identifiant ''ID KTS'' de l'inetrface du KTS ?,Dans le menu ''ESI'' du KTS,dans le menu                                   ''Réglage matériel'',Dans le menu ''Enregistrement Licence'',dans le menu ''Réglage Utilisateur'',Dans le Menu ''Mes contrats'' du DDM,C,,
76,3 - Diagnostic,Ou puis je trouver mon Numero de compte client KTS ? ,dans le menu ''Réglage Utilisateur'',Dans le menu ''ESI'' du KTS,Dans le Menu ''Mes contrats'' du DDM,dans le menu                                   ''Réglage matériel'',Dans le menu ''Enregistrement Licence'',D,,
77,3 - Diagnostic,Ou puis-je voir la date de renouvellement de la licence du KTS ?,Dans le menu ''Enregistrement Licence'',dans le menu                                   ''Réglage matériel'',Dans le menu ''ESI'' du KTS,dans le menu ''Mes contrats'' du DDM ,dans le menu ''Réglage Utilisateur'',A,,
78,3 - Diagnostic,Pouvez vous sélectionner plusieurs capteurs que vous souhaitez voir ?,Je ne sais pas,peut être ,ça va dépendre des véhicules,oui ,Non ,D,,
79,3 - Diagnostic,Pouvez-vous supprimer de votre ordinateur les anciennes mise a jour du KTS stockées sur votre PC ? ,Pas nécessaire le PC ne les stock pas,Oui ils sont dans le DDM ,Oui c'est possible,Non ce n'est pas possible,cette fonction n'existe pas,C,,
80,3 - Diagnostic,Que veut dire ''DDM'' ? ,Data Download Manager,Diagnostic Download Manager,Data Device Manager,Download Device Manger,je ne sais pas,B,,
81,3 - Diagnostic,qu'est ce que l'adresse MAC ? ,"c'est une fonction de 
Macintosh",C'est l'adresse Interface pour le bluetooh,c'est la ''Mise a condition'' du KTS,Mise a jour Calculateur,je ne sais pas,B,,
82,3 - Diagnostic,Si l'ecran de mon KTS ne montre que 2 onglets ? (Désignation et Equipement) ,C'est qu'il est en panne,c'est qu'il manque des fonctionnalités,La licence d'utilisation n'est pas active,C'est nomal ,c'est un KTS Bosch et non Alltrucks,C,,
83,3 - Diagnostic,"Sur le véhicule Lorsqu'il y à 2 prises de diagnostic, 1 OBD et 1 spécifique constructeur laquelle est-il préférable d'utiliser ?",la prise OBD est préférable,La prise OBD est plus récente,Pas de préférence particulière,les 2 donnent accès aux mêmes systèmes,la prise constructeur est préférable,E,,
84,3 - Diagnostic,"Sur quels véhicules, faut-il utiliser le KTS pour réaliser un calibrage de l’embrayage ? ","Daf, Iveco, Scania, Man",Renault Dxi avec Optidrive ,MB avec boîte auto ,Renault Midlum Dci,Volvo FL ,A,,
85,3 - Diagnostic,"Sur quels véhicules, le KTS doit-il être utilisé pour calibrer l'embrayage?","DAF, Iveco, Scania, Man",Renault Dxi with Optidrive ,MB with automatic transmission,Renault Midlum Dci,Volvo FL ,A,,
86,3 - Diagnostic,"Un rapport de code défaut est enregistré sur votre PC, pouvez vous l'envoyez par mail ? ",Non car le format est spécial,Pas de possibilité avec le KTS,Il fichier est juste en lecture seul,le KTS ne permet que de l'imprimer uniquement,Tout a fait possible,E,,
87,3 - Diagnostic,Quels sont les éléments à prendre en compte lors du test des capteurs à effet Hall ?,"Pour chaque essai, la source d'alimentation doit être déconnectée",Rien de spécifique à faire,Attention aux hautes tensions  dans le circuit secondaire,Vous devez utiliser un voltmètre,Vous devez utiliser un amperemètre,B,,
88,3 - Diagnostic,Y a-t-il un mode ''Démonstration dans le Néo ?,Oui bien sûr,je ne pense pas,pas a ma connaissance,Oui je crois,pas encore utilisé,C,,
89,4 - Circuit d'air et freinage - Camion, Quel est le rôle du correcteur de freinage ?,Purifier l'air dans le circuit pneumatique,Limiter la pression dans les réservoirs de frein et de servitude,Adapter la pression de freinage en fonction de la charge,Corriger le taux d'humidité du circuit,corriger la pression des coussins de la remorque,C,,
90,4 - Circuit d'air et freinage - Camion,Citez les circuits de freinage obligatoires sur un véhicule à moteur ?,Frein de service - Frein de secours,Frein de service- Frein de stationnement,Frein de stationnement - Frein de service,Frein de service - Frein de secours - Frein de stationnment,Frein de stationnement - Frein de service - Frein d'echappement,D,,
91,4 - Circuit d'air et freinage - Camion,Comment fonctionne le freinage lorsque le système EBS détecte un problème électrique ?,Le véhicule est immobilisé,Le freinage repasse en tout pneumatique conventionnel ,Le freinage est assuré à 50 % de la puissance effective ,Le freinage est assuré à 30 % de la puissance effective ,il n'y à plus de freinage,B,,
92,4 - Circuit d'air et freinage - Camion,Comment fonctionne le freinage lorsque le système EBS détecte un problème électrique?,Le véhicule est immobilisé,la pression de freinage augmente de 50%,Le freinage est assuré à 50% de la puissance effective,le freinage est assuré par le frein d'échappement,Le système de freinage revient à l'état conventionnel pneumatique,D,,
93,4 - Circuit d'air et freinage - Camion,de quelle couleur est identifiée la tête d'accouplement ''ALIMENTATION'' sur un véhicule porteur-remorqueur?,Bleu,Rouge,Jaune,violet,Noir,B,,
94,4 - Circuit d'air et freinage - Camion,De quelle couleur est identifiée la tête d'attelage `` POWER '' sur un véhicule semi-remorque?,Bleu,Rouge,Jaune,violet,Noir,B,,
95,4 - Circuit d'air et freinage - Camion,Est-il nécessaire de calibrer le capteur d’embardée lors de son remplacement?,Oui,Non,Cela dépend du véhicule,cela dépend du Capteur,cela dépend de l'EBS,A,,
96,4 - Circuit d'air et freinage - Camion,Est-il nécessaire de calibrer le Robinet de frein a pied lors de son remplacement?,Oui,Non,Cela dépend du véhicule,,,A,,
97,4 - Circuit d'air et freinage - Camion,Est-il nécessaire de réinitialiser l'ECU EBS après avoir remplacé le robinet de frein à pied?,Oui,Non,,,,B,,
98,4 - Circuit d'air et freinage - Camion,Est-il nécessaire de re-paramètrer l’ECU EBS suite au changement du robinet à pied?,Oui,Non,Cela dépend de l'Ebs,cela dépend de la marque du véhicule,cela dépend du robinet de frein a pied,B,,
99,4 - Circuit d'air et freinage - Camion,Lequel des éléments suivants est connecté au véhicule CAN?,Module de pression monovoie,Module de contrôle de la remorquz,Unité de contrôle éléctronique du moteur,,,C,,
100,4 - Circuit d'air et freinage - Camion,"Lorsque vous désaccouplez une remorque (en freinage conventionnel) d'un véhicule moteur, celle-ci est automatiquement freinée. Quel circuit de freinage est alors activé?",Frein de service ,Frein de stationnement,Frein de secours,le frein a bascule,le frein a pied,A,,
101,4 - Circuit d'air et freinage - Camion,"Lorsque vous dételez une remorque (au freinage conventionnel) d'un véhicule à moteur, elle est automatiquement freinée. Quel système de freinage est alors activé?",Frein de service,Frein à main,Arrêt d'urgence,,,A,,
102,4 - Circuit d'air et freinage - Camion,Parmi les éléments suivants quel est celui qui est connecté à la CAN Véhicule ?,Module de pression 1 voie,Module de commande de remorque,ECU Moteur,L'EBS remorque,,C,,
103,4 - Circuit d'air et freinage - Camion,Pour quelle raison la distance de freinage est-elle plus courte avec un camion équipé en EBS ?,Parce que les plaquettes de frein sont optimisées,Parce que la transmission des données s’effectue via la liaison CAN,Parce qu'il y à une circuit d'air haute pression,parce qu'il est équipé de frein a disque,parce que les circuits electriques sont en 24 V,B,,
104,4 - Circuit d'air et freinage - Camion,Pourquoi la distance de freinage est-elle plus courte avec un véhicule équipé d'EBS?,Parce que les plaquettes de frein sont optimisées,Parce que la transmission des données s'effectue via la liaison Can Bus,,,,B,,
105,4 - Circuit d'air et freinage - Camion,Qu’est ce que le freinage « backup » sur véhicule équipé d'EBS ?,Freinage pneumatique avec correction des forces de freinage en fonction de la charge,Freinage pneumatique sans correction des forces de freinage en fonction de la charge,Freinage electrique avec correction de charge,freinage electrique sans correction de la charge,,B,,
106,4 - Circuit d'air et freinage - Camion,Quel appareil peut déclencher un freinage dit «de secours» lorsqu'il est défectueux?,Arrêt d'urgence,Vanne de commande de remorque,Clapet de pied,,,C,,
107,4 - Circuit d'air et freinage - Camion,Quel est l' appareil qui peut déclencher un freinage dit « Backup » lorsqu'il est défectueux?,Modulateur de pression,Valve de commande de remorque,Robinet à pied,le frein de parc,le frein d'échappement,C,,
108,4 - Circuit d'air et freinage - Camion,Quel est le rôle du correcteur de freinage?,Purifier l'air dans le circuit pneumatique,Limitez la pression dans les réservoirs de frein et de service,corriger la pression de suspension,Adapter la pression de freinage en fonction de la charge,,D,,
109,4 - Circuit d'air et freinage - Camion,Quel est le rôle du régulateur de pression dans un circuit de freinage ?,Purifier l'air dans le circuit pneumatique,Limiter la pression dans les réservoirs de frein et de servitude,Adapter la pression de freinage en fonction de la charge,limiter la pression dans les coussins de suspension,a limiter la pression dans les coussins de suspension de cabine,B,,
110,4 - Circuit d'air et freinage - Camion,Quel est le rôle du régulateur de pression dans un système de freinage?,Purifier l'air dans le circuit pneumatique,Limitez la pression dans les réservoirs de frein et de service,Ajuster la pression de freinage en fonction de la charge,,,B,,
111,4 - Circuit d'air et freinage - Camion,Quelle est la tension d'alimentation d'un clapet de pied EBS2?,5 V,12 V,24 V,,,A,,
112,4 - Circuit d'air et freinage - Camion,Quelle est la tension d'alimentation d'un robinet à pied EBS2 ?,5 V,12 V,24 V,,,A,,
113,4 - Circuit d'air et freinage - Camion,Quels sont les systèmes de freinage obligatoires sur un véhicule à moteur?,Frein de service - Frein d'urgence,Frein de service - Frein de stationnement,Frein de stationnement - Frein de service,,,D,,
114,4 - Circuit d'air et freinage - Camion,Qu'est-ce que le freinage «de secours» sur les véhicules équipés d'EBS?,Freinage pneumatique avec correction en fonction de la charge des forces de freinage,Freinage pneumatique sans correction en fonction de la charge des forces de freinage,freinage a air direct,pression réservoir diminué de 30%,pression reservoir augmentée de 30%,B,,
115,4 - Circuit d'air et freinage - Camion,"Sur un EAC (APM), d'où provient l'air utilisé pour la régénération de la cartouche ?",D'un réservoir de régénération,En direct du compresseur,Des réservoirs de frein,,,C,,
116,4 - Circuit d'air et freinage - Camion,"Sur un EAC (APM), d'où vient l'air utilisé pour la régénération des cartouches?",du réservoir de régnération,En direct du compresseur,Réservoirs de frein,du réservoir des servitudes,du réservoir de la remorque,C,,
117,4 - Circuit d'air et freinage - Camion,"Sur un système EBS 5 avec contact coupé, le signal de freinage prioritaire à la valve de commande de remorque est?",Electric,Pneumatics,Electric and pneumatic,,,A,,
118,4 - Circuit d'air et freinage - Camion,"Sur un système EBS 5, contact coupé, le signal prioritaire de freinage vers la valve de commande de remorque est ?",Electrique,Pneumatique,Electrique et pneumatique,mécanique,hydraulique,A,,
119,4 - Circuit d'air et freinage - Camion,Un client se plaint du mauvais freinage de son véhicule. Pouvez vous modifier les réglages d'origine du constructeur?,Oui,Non,,,,B,,
120,4 - Circuit d'air et freinage - Camion,Un client se plaint du mauvais freinage de son véhicule. Pouvez-vous modifier les paramètres d'origine du fabricant ?,Oui,NON,c'est possible,,,B,,
121,5 - Circuit de freinage - Remorque,"A partir de l'instant où les freins sont appliqués, la distance de freinage est-elle diminuée grâce à l'EBS ?",Oui,Non,inchangée,,,B,,
122,5 - Circuit de freinage - Remorque,"A partir du moment où les freins sont serrés, la distance de freinage est-elle réduite grâce à l'EBS?",Oui,Non,,,,B,,
123,5 - Circuit de freinage - Remorque,À quoi sert une soupape d'addition anti-charge?,Empêcher l'addition des forces de freinage de service entre les essieux avant et arrière,Empêcher l'addition des forces du frein de service et du frein de stationnement,Empêcher l'addition des forces du frein de stationnement des essieux avant et arrière,,,B,,
124,5 - Circuit de freinage - Remorque,A quoi sert une valve anti-addition des efforts ?,Empêcher que les efforts frein de service essieu AV et essieu AR ne s' additionnent,Empêcher que les efforts des freins de service et de stationnement ne s' additionnent,Empêcher que les efforts des freins de parking essieu AV et essieu AR ne s' additionnent,Empêcher que les effort de freinage ne s'additionnent au ralentisseur,Empêcher que les efforts des freins ne s'additionnent au frein d'échappement,B,,
125,5 - Circuit de freinage - Remorque,"En cas de perte d'alimentation électrique sur la remorque équipée d'EBS, la pression de freinage dans les cylindres de frein de la remorque est de combien par rapport à celle de la pédale de frein du tracteur?",de - 30%,de + 50%,de 100%,de +10%,de -10%,C,,
126,5 - Circuit de freinage - Remorque,La tension délivrée par un capteur ABS de type inductif est :,Continue,Alternative,Carrée,tension de type signal RCO,tension de type proportionnel,B,,
127,5 - Circuit de freinage - Remorque,La tension délivrée par un capteur ABS inductif est:,différentielle,Alternative,Carrée,continue,,B,,
128,5 - Circuit de freinage - Remorque,Le jeu entre les poussoirs de frein à disque et la plaquette de frein intérieure doit être compris entre…,1 and 1.5 mm,0.6 and 1.1 mm,0.8 and 1.5 mm,,,B,,
129,5 - Circuit de freinage - Remorque,Le jeu entre les poussoirs du frein à disque et la plaquette de frein intérieure doit se situer entre,"1 et 1,5 mm","0,6 et 1,1 mm","0,8 et 1,5 mm","entre 0,7 et 2 mm","entre 1 et 1,3 mm",B,,
130,5 - Circuit de freinage - Remorque,"Lorsqu' une remorque (sans EBS) est désaccouplée, elle est automatiquement freinée par:",Frein de service,Frein de secours,Frein de stationnement ,le frein de Parc,le frein a main,A,,
131,5 - Circuit de freinage - Remorque,"Lorsqu'il y a une perte sur l'alimentation electrique de L'EBS Remorque, la Pression de freinage dans les cylindre de frein de la remorque est de combien en rapport a celle de la pédale de frein du tracteur ?",correction de - 30%,correction de + 50%,correction de + 100%,correction de +10%,aucune correction ,C,,
132,5 - Circuit de freinage - Remorque,"Lorsqu'on une remorque (équipée d'EBS Knorr-Bremse) est désaccouplée, elle est automatiquement freinée par :",Frein de service,Frein de secours,Frein de stationnement ,le frein a main,le frein a pied,C,,
133,5 - Circuit de freinage - Remorque,"Lorsqu'une remorque (équipée d'EBS Knorr-Bremse) est désaccouplée, elle est automatiquement freinée par:",Frein de service,Frein d'urgence,Frein de stationnement ,Le frein a pied,,C,,
134,5 - Circuit de freinage - Remorque,"Lorsqu'une remorque (sans EBS) est désaccouplée, elle est automatiquement freinée par:",Frein de service,Frein d'urgence,Frein de stationnement ,,,A,,
135,5 - Circuit de freinage - Remorque,Que signifie le port 1-2 sur la vanne de relais d'urgence?,Entrée,Sortie,Entrée ou Sortie,Pilotage,Régulation,C,,
136,5 - Circuit de freinage - Remorque,Que signifie l'orifice 1-2 sur valve relais d'urgence?,Entrée,Sortie,Entrée ou Sortie,le chiffre 12,un pilotage,C,,
137,5 - Circuit de freinage - Remorque,Quel est le bon branchement pour diagnostiquer la semi-remorque équipée du TEBS G2 KNORR-BREMSE?,,,,,,A,,
138,5 - Circuit de freinage - Remorque,"Quel est le rôle de la fonction ""Brake Assist"" du TEBS G2 KNORR-BREMSE?",Diminuer la pression de freinage lors d'un blocage de roue,"Régler de la pression dans les cylindres de frein à la pression maximum quand la pression de commande est >4,5 b",Demande d'assistance ,Augmenter la pression dans les coussins de suspension lors du freinage,"Augmenter la pression de freinage à 6,5 bar",B,,
139,5 - Circuit de freinage - Remorque,"Quel est le rôle de la fonction ""Brake Assist"" TEBS G2 KNORR-BREMSE?",Réduire la pression de freinage lorsqu'une roue est bloquée,"Régler la pression dans les cylindres de frein à la pression maximale lorsque la pression de contrôle est &gt;4,5 b",Demande d'assistance ,,,B,,
140,5 - Circuit de freinage - Remorque,Quelle est la plage d'alimentation opérationnelle du TEBS G2 KNORR-BREMSE?,12 to 24 V,8 to 32 V,5 to 28 V,,,B,,
141,5 - Circuit de freinage - Remorque,Quelle est la plage opérationnelle d'alimentation du TEBS G2 KNORR-BREMSE?,12 à 24 V,8 à 32 V,5 à 28 V,,,B,,
142,5 - Circuit de freinage - Remorque,Quelle est la tolérance d'épaisseur minimale des plaquettes de frein Knorr-Bremse (support + matériau)?,9 + 2 mm,9 + 4 mm,9 + 6 mm,,,A,,
143,5 - Circuit de freinage - Remorque,Quelle est la tolérance mini d'épaisseur des plaquettes de frein Knorr-Bremse (support + matériau)?,9 + 2 mm,9 + 4 mm,9 + 6 mm,,,A,,
144,5 - Circuit de freinage - Remorque,Quelle est l'affectation de ce connecteur sur le boîtier TEBS G2 ?,Capteur de vitesse,Alimentation ISO 7638,Prise In/Out,,,B,,
145,5 - Circuit de freinage - Remorque,Quelle est l'affectation de ce connecteur sur le boîtier TEBS G2?,Capteur de vitesse,Alimentation électrique ISO 7638,Prise d'entrée/sortie,,,B,,
146,5 - Circuit de freinage - Remorque,"Si la vis de réglage de jeu d'un frein à disque Knorr-Bremse est endommagée, pour des raisons de sécurité que devez-vous faire?",Remplacer l'étrier de frein,Réparer le système de réglage de jeu,,,,A,,
147,5 - Circuit de freinage - Remorque,"Si la vis de réglage du jeu d'un frein à disque Knorr-Bremse est endommagée, que devez-vous faire pour des raisons de sécurité?",changer le mécanisme,Réparer le système de réglage du jeu,changer la vis de reglage,ne rien faire ce n'est pas grave,Remplacer l'étrier de frein,D,,
148,5 - Circuit de freinage - Remorque,"Si un camion est équipé d'ABS avec une prise ISO 7638 à 5 broches, quelle fonction ne sera pas opérationnelle sur la remorque équipée d'EBS?",ABS,Fonction auxiliaire,Communication Can,le freinage en cas de coupure de courant,la pression de prédominance du camion,C,,
149,5 - Circuit de freinage - Remorque,"Si un camion est équipé d'ABS avec une prise ISO7638 à 5 plots, quelle est la fonction qui ne sera pas opérationnelle sur la remorque équipée d'EBS ?",ABS,Fonction auxiliaire,Communication CAN,l'harmonisation du freinage,la prédominance du freinage,C,,
150,5 - Circuit de freinage - Remorque,"Sur le schéma de freinage électronique TEBS 4 Knorr-Bremse suivant, quel appareil est marqué de la flèche rouge?",Soupape de mise à niveau,RtR Tapotez vers le haut et vers le bas,Valve de levage d'essieu LAC,,,C,,
151,5 - Circuit de freinage - Remorque,"Sur le schéma de freinage électronique TEBS 4 Knorr-Bremse suivant, quel est l' appareil repéré par la flèche rouge ?",Valve de nivellement,RtR Robinet monte et baisse,LAC valve de relevage d'essieu,,,C,,
152,6 - Moteur - Injection,Combien de courses le CPN5 fait-il par tour par élément de pompe?,1,2,3,,,,,
153,6 - Moteur - Injection,Comment la pression du rail est-elle ajustée dans un système CR en fonction de la charge?,État de l'UI-N,début du financement,pression d'injection,,,,,
154,6 - Moteur - Injection,Que faut-il définir lors de l'installation d'une UI-N?,La course de la came,La mesure de colision,Le début du financement,,,,,
155,6 - Moteur - Injection,Quel est le numéro de commande Bosch pour un CRIN,0 445 110 xxx,0 445 120 xxx,0 445 115 xxx,,,,,
156,6 - Moteur - Injection,Quel est l'effet d'un injecteur avec un retour de carburant trop important ?,Surconsommation de Gas oil du véhicule ,Le cylindre reçoit plus de quantité de gazole injecté,Le véhicule gagne en puissance sous condition de poussée,Le moteur perd de la puissance,il se produit une fumée noir a l'échappement,B,,
157,6 - Moteur - Injection,Quel est l'effet d'un injecteur avec un retour trop important?,Overconsumption of the vehicle ,The cylinder receives more injected diesel fuel,The vehicle gains in power under thrust conditions,,,B,,
158,6 - Moteur - Injection,Quelle affirmation concernant les thermistances NTC ou PTC n'est pas correcte?,Les thermistances PTC et NTC ont la même plage de mesure,"Dans le cas de la CTP, la résistance augmente avec la température","Dans le cas d'une CTN, la résistance diminue avec l'augmentation de la température",,,A,,
159,6 - Moteur - Injection,Quelle affirmation sur CRIN 3.3 est elle correcte?,Reconnaissable de l'extérieur uniquement par le numéro de pièce,Bague d'étanchéité haute pression plus grande,fuite permanente supplémentaire à l'ancre,,,,,
160,6 - Moteur - Injection,Quelle est la pression d’injection dans un système carburant avec une pompe CP2 au ralenti ?,200 Bars ,  600 Bars, 350 Bars,,,C,,
161,6 - Moteur - Injection,Quelle est la pression d'injection dans un système de carburant avec une pompe CP2 au ralenti?,200 Bars ,  600 Bars, 350 Bars,,,C,,
162,6 - Moteur - Injection,Quelle est la pression sur un système avec des pompes enfichables PF45 lors de l'ouverture du DBV (soupape de surpression)?,2400 Bars ,1950 Bars ,1200 Bars,,,B,,
163,6 - Moteur - Injection,Quelle est la pression sur un système avec pompes enfichables PF45 lors de l’ouverture du DBV (limiteur de pression) ?,2400 Bars ,1950 Bars ,1200 Bars,,,B,,
164,6 - Moteur - Injection,Quelle est la résistance interne d'un CRIN?,approx. 1 Ohm,approx. 10 Ohm,approx. 100 Ohm,,,,,
165,6 - Moteur - Injection,Quelles sont les différences entre une pompe d'injection CP2 et CP3?, Il y a une pompe de surpression et pas de capteur de basse pression. ,Il y a une pompe de surpression et un capteur de basse pression. ,Il n'y a pas de pompe de charge ni de capteur de basse pression ,,,C,,
166,6 - Moteur - Injection,Quelles sont les différences entre une pompe injection CP2 et un CP3 ?, Il y a une pompe de gavage et pas de capteur basse pression ,Il y a une pompe de gavage et un capteur basse pression ,Il n’y a pas de pompe de gavage ni de capteur basse pression ,,,C,,
167,6 - Moteur - Injection,Quels caractères peuvent faire partie du code IMA avec un jeu de caractères ASCII (32 caractères)?,Je (comme Ida),nul,Q,,,,,
168,6 - Moteur - Injection,Quels systèmes d'injection sont disponibles chez Euro6?,CR,Pump jet,Unit Pumps,,,,,
169,6 - Moteur - Injection,Qu'est-ce qui s'applique à un DBV sur un camion?,A renouveler après chaque sortie,Maintient une pression résiduelle d'environ la moitié de la pression maximale du rail,Le moteur est arrêté en raison d'une pression excessive sur le rail,,,,,
170,6 - Moteur - Injection,Qu'est-ce qu'un système UI-N montre du signal du PIB?,Avec une soupape de régulation de pression,Avec une soupape de régulation de pression,Avec soupape de surpression,,,,,
171,7 - Moteur - Traitement des gaz d'échappement,A partir de quelle année a-t-on commencé à voir émerger les systèmes appropriés sur les véhicules industriels?,2003,2004,2006,,,B,,
172,7 - Moteur - Traitement des gaz d'échappement,A partir de quelle année commence t'on a voir apparaitre les système adblue sur les véhicuels industriels ,2003,2004,2006,2010,1999,B,,
173,7 - Moteur - Traitement des gaz d'échappement,A partir de quelle témpérature des Gaz d'échappememnt le système peut autoriser l'injection de l'adblue ? ,a Partir de 100°,a partir de 170°,a partir de 300°,a partir de 150°,a partir de 400°,B,,
174,7 - Moteur - Traitement des gaz d'échappement,A quelle limite de température des gaz d'échappement le dosage d'adblue est réduit ? ,a partir de 380°,a partir de 400°,a partir de 500°,a partir de 450°,a partir de 250°,C,,
175,7 - Moteur - Traitement des gaz d'échappement,À quelle limite de température des gaz d'échappement le dosage d'Adblue est-il réduit?,à partir de 380°.,à partir de 400°C,à partir de 500°.,,,C,,
176,7 - Moteur - Traitement des gaz d'échappement,A quelle moment le Denoxtronic ne devrait-il plus fonctionner ?,(0°) Celsius,(-5°) celsius,(-10°) clesius,10°,(-15°),C,,
177,7 - Moteur - Traitement des gaz d'échappement,À quelle température Denxtronic ne devrait-il plus fonctionner?,"KTS Truck, Refractometer, Adapter","KTS Truck, adapter, diagnostic case ","KTS Truck, Diagnostic Case, Refractometer",,,C,,
178,7 - Moteur - Traitement des gaz d'échappement,A quelle température des gaz d'échappement le système peut-il permettre l'injection de l'adblue?,à partir de 100 °,à partir de 170 °,à partir de 320 °,à partir de 450 °,,B,,
179,7 - Moteur - Traitement des gaz d'échappement,À quoi sert la connexion de retour Adblue sur un DNOX2.2?,Pour que la pression puisse être réduite en cas de dépassement,La pompe d'alimentation doit donc toujours fonctionner.,Pour la mise à l'air libre,,,,,
180,7 - Moteur - Traitement des gaz d'échappement,À quoi sert un CCA (Coolant Control Adapter) dans le DNOX2.1?,Pour réduire le débit de retour,Pour la mise à l'air libre,Pour respecter les dimensions d'installation,,,,,
181,7 - Moteur - Traitement des gaz d'échappement,Combien de cycle du système AdBlue devons-nous faire pour que le voyant MIL s’éteigne ?, Il faut faire 3 cycles de dosage en roulant avec le véhicule sans erreur,Il suffit de rouler et le voyant s’éteint au bout de 7 km,Il faut faire 5 cycles de test de dosage à la suite,il faut que le système fonctione 5 jours sans aucun problème,il faut faire 100 km pour que le voyant s'éteigne,A,,
182,7 - Moteur - Traitement des gaz d'échappement,Combien de cycles du système AdBlue devons-nous faire pour que l'indicateur MIL s'éteigne?,Il est nécessaire de faire 3 cycles de dosage en conduisant avec le véhicule sans erreur,Conduisez et la lumière s'éteint après 7 km,Il est nécessaire de faire 5 cycles de test de dosage d'affilée,,,A,,
183,7 - Moteur - Traitement des gaz d'échappement,Comment fonctionne Denoxtronic?,avec de l'air comprimé,avec de la pression hydraulique,avec de l'electricité,avec de l'eau,"avec de l'eau, et l'air comprimé","Exhaust gas components: nitrogen (N2), oxygen (O2), carbon dioxide (CO2), water (H2O)
pollutants in exhaust gases: carbon monoxide (CO), nitrogen oxide (NOx), hydrocarbons, solids (soot, fine particles), sulphate, aldehyde (R-CHO)",,
184,7 - Moteur - Traitement des gaz d'échappement,Comment mesurer la qualité d'AdBlue?,,,,,,,,
185,7 - Moteur - Traitement des gaz d'échappement,Comment réduire la température de conversion des particules dans le DPF d'env. 200 ° C?,Avec Adblue,Avec Eolys,Avec NO2,,,,,
186,7 - Moteur - Traitement des gaz d'échappement,Comment se comporte la pression d'eau d'un DNOX 2.1 après l'arrêt de la pompe?,"Lors de l'utilisation du CCV, la pression chute.","Dans les systèmes avec CCA, la pression est maintenue.","Dans les systèmes sans CCA ni CCV, la pression chute.",,,,,
187,7 - Moteur - Traitement des gaz d'échappement,Comment se fait le diagnostic du DENOXavec KTS?,Rien de particulier à faire ,Le système doit être complètement vidé. ,Le système doit être entièrement remplacé,,,C,,
188,7 - Moteur - Traitement des gaz d'échappement,dans le menu anti-pollution de votre KTS a quoi sert le système ''Display''  ? ,la pression de suralimentation ,la température de l'huile moteur,températures des gaz d'échappement,a paraméter la pompe Adblue,a régler la sensibilité de dosage d'Adblue,A,,
189,7 - Moteur - Traitement des gaz d'échappement,"dans le menu anti-pollution de votre KTS, à quoi sert le système ""Display""?",Consulter l'ensemble du système en cours de fonctionnement,Pour consulter le serveur Bosch pour plus d'informations,Pour configurer un système Denoxtronic,,,A,,
190,7 - Moteur - Traitement des gaz d'échappement,De quels facteurs dépend la pression d'injection de l'adblue ?,de la pression de suralimentation ,de la température de l'huile moteur,des températures des Gaz d'echappement,De la température des gaz d'admission,de la température de l'air ambiant,C,,
191,7 - Moteur - Traitement des gaz d'échappement,De quels facteurs dépend la pression d'injection de l'adblue?,la pression de suralimentation ,la température de l'huile moteur,températures des gaz d'échappement,,,C,,
192,7 - Moteur - Traitement des gaz d'échappement,De quels facteurs dépend la pression d'injection requise du réducteur?,"CO, HC, NOx et CO²","  CO, HC et NOx", CO et HC,,,C,,
193,7 - Moteur - Traitement des gaz d'échappement,L’AdBlue est composé d’eau et d’urée. Quel est le pourcentage d’urée dans la solution ?,32.5 %,   17.5 %,    22.5 %,0.425,0.525,A,,
194,7 - Moteur - Traitement des gaz d'échappement,L'AdBlue est composé d'eau et d'urée. Quel est le pourcentage d'urée dans la solution?,32.5 %,   17.5 %,    22.5 %,,,A,,
195,7 - Moteur - Traitement des gaz d'échappement,Nommez les composants polluants contenus dans les gaz d'échappement des moteurs diesel?,"CO, HC, NOx et CO²","  CO, HC et NOx", CO et HC,,,"Exhaust gas components: nitrogen (N2), oxygen (O2), carbon dioxide (CO2), water (H2O)
pollutants in exhaust gases: carbon monoxide (CO), nitrogen oxide (NOx), hydrocarbons, solids (soot, fine particles), sulphate, aldehyde (R-CHO)",,
196,7 - Moteur - Traitement des gaz d'échappement,Où DNOX1 mélange-t-il l'air comprimé avec Adblue?,Dans le module de convoyage,Dans le module de dosage,Dans l'atomiseur,,,,,
197,7 - Moteur - Traitement des gaz d'échappement,Où peut-on installer le restricteur pour limiter la quantité de retour dans le DNOX 2.1?,Dans le CCV,Dans le module de dosage,Dans le réservoir,,,,,
198,7 - Moteur - Traitement des gaz d'échappement,Pourquoi faut-il avoir une phase de ré-aspiration?,"KTS Truck, Refractometer, Adapter","KTS Truck, adapter, diagnostic case ","KTS Truck, Diagnostic Case, Refractometer",,,C,,
199,7 - Moteur - Traitement des gaz d'échappement,Quand le Denoxtronic a-t-il un fonctionnement limité?,Lorsque les gaz d'échappement ont une température inférieure à 100 ° C et supérieure à 600 ° C,Lorsque les gaz d'échappement ont une température inférieure à 100 ° C et supérieure à 600 ° C...,Lorsque les gaz d'échappement ont une température inférieure à 300 ° C et supérieure à 400 ° C,,,B,,
200,7 - Moteur - Traitement des gaz d'échappement,Quand le Denoxtronic doit-il cesser de fonctionner?,Le post-catalyseur et le système de dosage ? ,Le convertisseur catalytique et le système de dosage ,Le module de mesure et le pré-catalyseur ,,,B,,
201,7 - Moteur - Traitement des gaz d'échappement,Que devons-nous faire après avoir mis des ventilateurs diesel dans le réservoir d'AdBlue?,"En fonctionnement normal, il représente 4 à 6% de la consommation de carburant","En fonctionnement normal, il représente 6 à 8% de la consommation de carburant","En fonctionnement normal, il représente 8 à 10% de la consommation de carburant","En fonctionnement normal, il représente 2 à 3 % de la consommation de carburant",Moins de 2% de la consommation de carburant,B,,
202,7 - Moteur - Traitement des gaz d'échappement,Que devons-nous faire après avoir mis des ventilateurs diesel dans le réservoir d'AdBlue?...,1 bar (pression atmosphérique),"1,2 bar",en fonction du circuit d'air 4 ou 8 bar,,,,,
203,7 - Moteur - Traitement des gaz d'échappement,Que se passe-t-il en cas de dépassement avec un DNOX2.2?,La polarité de la pompe d'alimentation est inversée,La vanne de dosage est actionnée,La vanne 4/2 voies est actionnée,,,,,
204,7 - Moteur - Traitement des gaz d'échappement,Quel composant génère la pression pour le Departronic?,Les éléments haute pression de la pompe CR,Une pompe à carburant électrique,Une pompe à engrenages,,,,,
205,7 - Moteur - Traitement des gaz d'échappement,Quelle est la bonne connexion pour diagnostiquer la remorque équipée de TEBS G2 KNORR-BREMSE?,A des températures extérieures inférieures à -5°C,A des températures extérieures inférieures à -10°C,A des températures extérieures inférieures à -20°C,,,B,,
206,7 - Moteur - Traitement des gaz d'échappement,Quelle est la fonction de L’EGR sur la ligne d’échappement ?,Diminuer le gaz carbonique (CO²),Diminuer les oxydes d’azote  (NOx),Diminuer les particules  (PM),,,B,,
207,7 - Moteur - Traitement des gaz d'échappement,Quelle est la fonction De la valve VCC sur un système Denoxtronic?,il est utilisé pour renvoyer l'AdBlue dans son réservoir,il est utilisé pour refroidir l'injecteur d'Adblue ,il est utilisé pour pulvériser l'Adblue ,,,B,,
208,7 - Moteur - Traitement des gaz d'échappement,Quelle est la fonction de l'EGR sur le système d'échappement?,Réduire le dioxyde de carbone (CO²),Réduire les oxydes d'azote (NOx),Réduire les particules (PM),,,B,,
209,7 - Moteur - Traitement des gaz d'échappement,Quelle est la fonction du capteur de pression différentielle ?,Mesurer le Masse de suies dans le FAP ,Mesurer le débit de particules dans le FAP,Mesurer la pression dans le FAP,,,C,,
210,7 - Moteur - Traitement des gaz d'échappement,Quelle est la fonction du capteur de pression différentielle?,Mesurer la masse de suie dans le FAP,Mesurer le débit de particules dans le FAP,Mesurer la différence de pression des Gaz dans le FAP,mesurer la quantité de suie dans le FAP ,,C,,
211,7 - Moteur - Traitement des gaz d'échappement,Quelle est la fonction du CCA?,,,,,,"Nitrogen oxides can be reduced with ammonia 
To this end, the system injects AdBlue upstream of the SCR catalytic converter ",,
212,7 - Moteur - Traitement des gaz d'échappement,Quelle est la fonction du CCV sur un système Denoxtronic ?,elle sert e renvoyer l'AdBlue dans son réservoir,elle sert à refroidir l'injecteur d'Adblue ,elles sert a pulvérisée l'adblue ,,,B,,
213,7 - Moteur - Traitement des gaz d'échappement,Quelle est la Pression du circuit d'injection d'adBlue sur un système Denoxtronic 2.2,4.5 Bars,5.5 Bars,9 Bars,,,C,,
214,7 - Moteur - Traitement des gaz d'échappement,Quelle est la pression du système d'injection d'adBlue sur un système Denoxtronic 2.2?,4.5 Bars,5.5 Bars,9 Bars,,,C,,
215,7 - Moteur - Traitement des gaz d'échappement,Quelle est la valeur moyenne de consommation d'AdBlue en rapport a celle du carburant ?,2 à 3% ,3 à 4%,5 à 6 %,7 à 8 %,9 à 10 %,D,,
216,7 - Moteur - Traitement des gaz d'échappement,Quelle est Le dosage moyen d’AdBlue par rapport à la consommation de carburant ?,    de 1 à 3 %,de    3 à 5 % ,de  6 à 8 % ,,,C,,
217,7 - Moteur - Traitement des gaz d'échappement,Quelle est le dosage moyen d'AdBlue en % par rapport à la consommation de carburant?,   from 1 to 3 %,from 3 to 5 % ,from  6 to 8 % ,,,C,,
218,7 - Moteur - Traitement des gaz d'échappement,Quelle tâche un Oxi-Cat ne prend-il pas en charge?,brûleur catalytique,Réduction des Nox,Réduction de la masse des particules,,,,,
219,7 - Moteur - Traitement des gaz d'échappement,Quelles sont les deux parties les plus importantes du système SCR?,,,,,,"Nitrogen oxides can be reduced with ammonia 
To this end, the system injects AdBlue upstream of the SCR catalytic converter ",,
220,7 - Moteur - Traitement des gaz d'échappement,Quels polluants sont traités par le catalyseur sur les moteurs industriels ?,"CO, HC, NOx et CO²","  CO, HC et NOx", CO et HC,,,C,,
221,7 - Moteur - Traitement des gaz d'échappement,Quels polluants sont traités par le catalyseur sur les moteurs industriels?,Le post-catalyseur et le système de dosage ? ,Le convertisseur catalytique et le système de dosage ,Le module de mesure et le pré-catalyseur ,,,B,,
222,7 - Moteur - Traitement des gaz d'échappement,"Quels sont les moyens requis pour le diagnostic du DENOX sur le véhicule?
Camion KTS, boîtier de diagnostic, réfractomètre ",Il est nécessaire de faire 5 cycles de test de dosage d'affilée,avec le système Display,avec une sone Lambda,avec un voltemètre,avec une sonde de température,B,,
223,7 - Moteur - Traitement des gaz d'échappement,Quels sont les processus d'injection?,A une température extérieure inférieure à -5°C,A une température extérieure inférieure à -10°C,A une température extérieure inférieure à -20°C,,,B,,
224,7 - Moteur - Traitement des gaz d'échappement,Quels systèmes de post-traitement des gaz d'échappement sont utilisés dans les véhicules industriels diesel?,,,,,,"DOC (diesel oxidation catalytic converter) 
DPF (particulate filter)
SCR (selective catalytic reduction system) - System with Denoxtronic 
ASC (ammoniacal slip catalytic converter or otherwise: CUC = Clean Up Catalyst)",,
225,7 - Moteur - Traitement des gaz d'échappement,Quels systèmes de traitement des gaz d’échappement sont montés sur les moteur diesels des véhicules industriels ?,Convertisseur catalytique à oxydation / Convertisseur catalytique SCR / Filtre à Particules, Vanne EGR / Filtre à Particules,Convertisseur catalytique à oxydation / vanne EGR,,,A,,
226,7 - Moteur - Traitement des gaz d'échappement,Quels systèmes de traitement des gaz d'échappement sont installés sur les moteurs diesel des véhicules industriels?,Oxidation catalytic converter / SCR catalytic converter / Particulate filter, EGR Valve / Particulate Filter, Oxidation catalytic converter / EGR valve,,,A,,
227,7 - Moteur - Traitement des gaz d'échappement,Quele est la fonction du VCC? ,,,,,,,,
228,8 - Transmission,Dans quelles valeurs la course d'approche du GS est-elle mesurée? (AS-Tronic),en Ink.,en mm,en cm,en Dixieme de mm,en pouce,A,,
229,8 - Transmission,Différence entre la transmission OD et DD,Le poids des variantes de boîte de vitesses est différent,Autres rapports de démultiplication,OD = la vitesse d'entrée est inférieure à la vitesse de sortie,DD = la vitesse d'entrée est inférieure à la vitesse de sortie,,B + C,,
230,8 - Transmission,Où puis-je trouver la liste de contrôle pour la transmission Traxon?,Portail  web Alltrucks,Dossier Gds 3000,intégré dans le Testman et rempli électroniquement (eChecklist),Aucune liste de contrôle n'est disponible sous aucune forme,,C,,
231,8 - Transmission,Puis-je donner une impression de la liste des lubrifiants au client ?,"Non, il est mis à jour tous les trois mois","Oui, fortement recommandé","Oui, si le client le souhaite",pas souhaité car mise a jour ,je ne sais pas,A,,
232,8 - Transmission,Quelle est la pression de travail maximale du ConAct? (TraXon),11 bar,20 bar,"7,5 bar","13,5 bar","5,6 bar",D,,
233,8 - Transmission,"Quelle est la taille du programme de GS 3.0, 3.3 et 3.6 (AS-Tronic)","GS3.0 1513 KB, GS 3.3 3672 KB, GS 3.6 4500 KB",all are almost the same size,"GS3.0 1513 KB, GS 3.0 and 3.6 2672 KB",,,C,,
234,8 - Transmission,Quelle procédure dans le Testman doit être effectué après l'installation d'un nouvel embrayage sur boite de vitesse type TraXon?,"Adaptation accélérée de l'embrayage, point d'auto-adaptation",Tester la pression de pompe,Tester le comportement des groupes,Embrayage usagé installé,"Point de fermeture de l'embrayage à entrée manuelle, étalonnage du capteur d'inclinaison",A ,,
235,8 - Transmission,Quels systèmes de commande de débrayage connaissez vous ?,Convertisseur de couple,Système tiré,Système poussé,Système articulé,système a bascule,B + C,,
236,8 - Transmission,Une purge d'embrayage manuelle est-elle possible (TraXon),Oui et cela ne peut être fait que manuellement,"Oui, mais uniquement dans les cas d'urgence.Les saignements normaux doivent être exécutés via le testman ZF",Non ce n'est pas possible,"oui, mais n'effectuez en aucun cas cette action",,B,,
